URL	行番号	結果	詳細	HTML
https://www.ideamans.com/	0	該当なし		
https://www.ideamans.com/mt/sheetasset/	0	該当なし		
https://www.ideamans.com/mt/flexfield/	0	該当なし		
https://www.ideamans.com/services/pagespeed/	0	該当なし		
https://www.ideamans.com/mt/instapost/	0	該当なし		
https://www.ideamans.com/mt/changedraft/	0	該当なし		
https://www.ideamans.com/seminar/webimage/	0	該当なし		
https://www.ideamans.com/lightfile/	0	該当なし		
https://www.ideamans.com/mt/moreanalytics/	0	該当なし		
https://www.ideamans.com/mt/selectcategories/	0	該当なし		
https://www.ideamans.com/about/	0	該当なし		
https://www.ideamans.com/release/20190821/	0	該当なし		
https://www.ideamans.com/release/20190308/	0	該当なし		
https://www.ideamans.com/release/20190305/	0	該当なし		
https://www.ideamans.com/software/wiki-support-addin/	0	該当なし		
https://www.ideamans.com/release/20181113/	0	該当なし		
https://www.ideamans.com/release/20190220/	0	該当なし		
https://www.ideamans.com/release/20190221/	0	該当なし		
https://www.ideamans.com/release/20181030/	0	該当なし		
https://www.ideamans.com/release/20181023/	0	該当なし		
https://www.ideamans.com/mt/sheetasset/install/	0	該当なし		
https://www.ideamans.com/eula/	0	該当なし		
https://www.ideamans.com/privacy/	0	該当なし		
https://www.ideamans.com/commercial-transactions/	0	該当なし		
https://www.ideamans.com/mt/sheetasset/getting-started/	0	該当なし		
https://www.ideamans.com/mt/sheetasset/purchase/	0	該当なし		
https://www.ideamans.com/about	0	該当なし		
https://www.ideamans.com/mt/sheetasset/excel-modules/	0	該当なし		
https://www.ideamans.com/mt/sheetasset/download-file/	0	該当なし		
https://www.ideamans.com/mt/sheetasset/internal-file/	0	該当なし		
https://www.ideamans.com/mt/sheetasset/url-customfield/	0	該当なし		
https://www.ideamans.com/mt/sheetasset/handsontable/	0	該当なし		
https://www.ideamans.com/mt/sheetasset/multi-worksheets/	0	該当なし		
https://www.ideamans.com/mt/sheetasset/database-table/	0	該当なし		
https://www.ideamans.com/mt/sheetasset/filter-database/	0	該当なし		
https://www.ideamans.com/mt/sheetasset/preview-size/	0	該当なし		
https://www.ideamans.com/mt/sheetasset/data-api/	0	該当なし		
https://www.ideamans.com/mt/sheetasset/glossary/	0	該当なし		
https://www.ideamans.com/mt/sheetasset/worksheet-tags/	0	該当なし		
https://www.ideamans.com/mt/sheetasset/matrix-tags/	0	該当なし		
https://www.ideamans.com/mt/sheetasset/conditional-tags/	0	該当なし		
https://www.ideamans.com/mt/sheetasset/environments/	0	該当なし		
https://www.ideamans.com/mt/sheetasset/table-tags/	0	該当なし		
https://www.ideamans.com/mt/sheetasset/release-notes/	0	該当なし		
https://www.ideamans.com/mt/sheetasset/eula/	0	該当なし		
https://www.ideamans.com/about/alogorithm	0	該当なし		
https://www.ideamans.com/release/20190514/	0	該当なし		
https://www.ideamans.com/services/pagespeed/copypage/	0	該当なし		
https://www.ideamans.com/services/pagespeed/report/	0	該当なし		
https://www.ideamans.com/release/20171013-1/	0	該当なし		
https://www.ideamans.com/services/pagespeed/inquiry/	0	該当なし		
https://www.ideamans.com/services/pagespeed/practices/	0	該当なし		
https://www.ideamans.com/services/pagespeed/confirmation/	0	該当なし		
https://www.ideamans.com/services/pagespeed/pricing/	0	該当なし		
https://www.ideamans.com/mt/sheetasset/purchase	0	該当なし		
https://www.ideamans.com/services/pagespeed/estimation/	0	該当なし		
https://www.ideamans.com/mt/instapost/setup-instagram/	0	該当なし		
https://www.ideamans.com/mt/instapost/install/	0	該当なし		
https://www.ideamans.com/mt/instapost/setup-web-service/	0	該当なし		
https://www.ideamans.com/mt/instapost/setup-user/	0	該当なし		
https://www.ideamans.com/mt/changedraft/getting-started/	0	該当なし		
https://www.ideamans.com/mt/changedraft/install/	0	該当なし		
https://www.ideamans.com/mt/instapost/first-posting/	0	該当なし		
https://www.ideamans.com/mt/changedraft/enabling/	0	該当なし		
https://www.ideamans.com/mt/changedraft/listing/	0	該当なし		
https://www.ideamans.com/mt/changedraft/filter/	0	該当なし		
https://www.ideamans.com/mt/changedraft/schedule-change/	0	該当なし		
https://www.ideamans.com/lightfile/technology/	0	該当なし		
https://www.ideamans.com/mt/changedraft/notice/	0	該当なし		
https://www.ideamans.com/mt/changedraft/webpage/	0	該当なし		
https://www.ideamans.com/lightfile/case/	0	該当なし		
https://www.ideamans.com/lightfile/pricing/	0	該当なし		
https://www.ideamans.com/lightfile/formation/	0	該当なし		
https://www.ideamans.com/lightfile/simulator/	0	該当なし		
https://www.ideamans.com/lightfile/reporting/	0	該当なし		
https://www.ideamans.com/lightfile/sales-sheet/	0	該当なし		
https://www.ideamans.com/lightfile/trial/	0	該当なし		
https://www.ideamans.com/lightfile/faq/	0	該当なし		
https://www.ideamans.com/lightfile/agreement/	0	該当なし		
https://www.ideamans.com/lightfile/inquiry/	0	該当なし		
https://www.ideamans.com/lightfile/subscribe/	0	該当なし		
https://www.ideamans.com/lightfile/lambda/	0	該当なし		
https://www.ideamans.com/lightfile/command/	0	該当なし		
https://www.ideamans.com/lightfile/managed/	0	該当なし		
https://www.ideamans.com/seminar/webimage/img-again/	0	該当なし		
https://www.ideamans.com/seminar/webimage/new-img/	0	該当なし		
https://www.ideamans.com/seminar/webimage/pricing/	0	該当なし		
https://www.ideamans.com/release/	0	該当なし		
https://www.ideamans.com/seminar/webimage/commit/	0	該当なし		
https://www.ideamans.com/release/20180831/	0	該当なし		
https://www.ideamans.com/release/20180920/	0	該当なし		
https://www.ideamans.com/release/20171030/	0	該当なし		
https://www.ideamans.com/release/20160520/	0	該当なし		
https://www.ideamans.com/release/20171013-2/	0	該当なし		
https://www.ideamans.com/release/20160510/	0	該当なし		
https://www.ideamans.com/release/20160428/	0	該当なし		
https://www.ideamans.com/release/20160502/	0	該当なし		
https://www.ideamans.com/release/20160425/	0	該当なし		
https://www.ideamans.com/release/20160423/	0	該当なし		
https://www.ideamans.com/release/20160422/	0	該当なし		
https://www.ideamans.com/mt/checkrelease/	0	該当なし		
https://www.ideamans.com/mt/uploader/	0	該当なし		
https://www.ideamans.com/services/pagespeed/submission/	0	該当なし		
https://www.ideamans.com/lightfile/managed/agreement/	0	該当なし		
https://www.ideamans.com/about/alogorithm/	0	該当なし		
https://www.ideamans.com/software/webscan	0	該当なし		
https://www.ideamans.com/lightfile/lambda/install-easy/	0	該当なし		
https://www.ideamans.com/lightfile/lambda/setup-bucket/	0	該当なし		
https://www.ideamans.com/lightfile/lambda/upgrade/	0	該当なし		
https://www.ideamans.com/lightfile/lambda/install-custom/	0	該当なし		
https://www.ideamans.com/lightfile/lambda/migration/	0	該当なし		
https://www.ideamans.com/lightfile/lambda/size/	0	該当なし		
https://www.ideamans.com/lightfile/lambda/quality/	0	該当なし		
https://www.ideamans.com/lightfile/lambda/config-env/	0	該当なし		
https://www.ideamans.com/lightfile/trial	0	該当なし		
https://www.ideamans.com/lightfile/lambda/acl/	0	該当なし		
https://www.ideamans.com/lightfile/lambda/metadata/	0	該当なし		
https://www.ideamans.com/lightfile/lambda/logging/	0	該当なし		
https://www.ideamans.com/lightfile/lambda/backup/	0	該当なし		
https://www.ideamans.com/lightfile/lambda/batch/	0	該当なし		
https://www.ideamans.com/lightfile/lambda/sns/	0	該当なし		
https://www.ideamans.com/lightfile/lambda/s3-batch-op/	0	該当なし		
https://www.ideamans.com/lightfile/lambda/eula/	0	該当なし		
https://www.ideamans.com/lightfile/command/requirement/	0	該当なし		
https://www.ideamans.com/lightfile/command/tutorial/	0	該当なし		
https://www.ideamans.com/lightfile/command/install/	0	該当なし		
https://www.ideamans.com/lightfile/command/help/	0	該当なし		
https://www.ideamans.com/lightfile/command/dryrun/	0	該当なし		
https://www.ideamans.com/lightfile/command/format/	0	該当なし		
https://www.ideamans.com/lightfile/command/exclude/	0	該当なし		
https://www.ideamans.com/lightfile/command/quality/	0	該当なし		
https://www.ideamans.com/lightfile/command/size/	0	該当なし		
https://www.ideamans.com/lightfile/command/recent/	0	該当なし		
https://www.ideamans.com/lightfile/command/fast-scan/	0	該当なし		
https://www.ideamans.com/lightfile/command/index-file/	468	8%税込の可能性	[s\System32\Windows]は税別 30円 の8%税込金額を含む可能性があります	プログラム/スクリプト<code>powershell.exe</code>のパス(例: <code>C:\Windows\System32\WindowsPowerShell\v1.0\powershell.exe</code>)
https://www.ideamans.com/lightfile/command/logging/	0	該当なし		
https://www.ideamans.com/lightfile/command/directory/	0	該当なし		
https://www.ideamans.com/lightfile/command/slack-log/	0	該当なし		
https://www.ideamans.com/lightfile/command/serial/	0	該当なし		
https://www.ideamans.com/lightfile/command/progress/	0	該当なし		
https://www.ideamans.com/lightfile/command/no-backup/	0	該当なし		
https://www.ideamans.com/lightfile/command/ftp/	0	該当なし		
https://www.ideamans.com/lightfile/command/s3/	0	該当なし		
https://www.ideamans.com/lightfile/command/retry/	0	該当なし		
https://www.ideamans.com/lightfile/command/sftp/	0	該当なし		
https://www.ideamans.com/lightfile/command/pid/	0	該当なし		
https://www.ideamans.com/lightfile/command/proxy/	0	該当なし		
https://www.ideamans.com/lightfile/command/analyze/	0	該当なし		
https://www.ideamans.com/lightfile/command/whitepaper-benchmark/	0	該当なし		
https://www.ideamans.com/lightfile/managed/pricing/	440	8%税込の可能性	[ 10,000円]は税別 9,260円 の8%税込金額を含む可能性があります	10,000円
https://www.ideamans.com/lightfile/managed/pricing/	455	8%税込の可能性	[ 10,000円/サイト]は税別 9,260円 の8%税込金額を含む可能性があります	10,000円<small>/サイト</small>
https://www.ideamans.com/lightfile/managed/pricing/	460	8%税込の可能性	[ 10,000円/サイト]は税別 9,260円 の8%税込金額を含む可能性があります	10,000円<small>/サイト</small>
https://www.ideamans.com/lightfile/command/agreement/	0	該当なし		
https://www.ideamans.com/lightfile/managed/estimate/	0	該当なし		
https://www.ideamans.com/lightfile/managed/flow/	645	8%税込の可能性	[0円と、月額費用10,000円のみご請求しま]は税別 9,260円 の8%税込金額を含む可能性があります	LightFileサーバーは構築済みなので、Webサイトの設定費用100,000円と、月額費用10,000円のみご請求します。
https://www.ideamans.com/lightfile/managed/flow/	722	8%税込の可能性	[0円と、月額費用10,000円をご請求します]は税別 9,260円 の8%税込金額を含む可能性があります	Webサイトの追加費用50,000円と、月額費用10,000円をご請求します。
https://www.ideamans.com/lightfile/managed/subscribe/	0	該当なし		
https://www.ideamans.com/mt/keitaipost/	0	該当なし		
https://www.ideamans.com/software/webscan/	0	該当なし		
https://www.ideamans.com/software/webscan/closing	0	該当なし		
https://www.ideamans.com/software/webscan/closing/	0	該当なし		
